<?xml version='1.0' encoding='UTF-8'?>  
<!DOCTYPE hibernate-configuration PUBLIC  
          "-//Hibernate/Hibernate Configuration DTD 3.0//EN"  
          "http://hibernate.sourceforge.net/hibernate-configuration-3.0.dtd">  
  
<hibernate-configuration>  
    <session-factory>
        <property name="hibernate.connection.driver_class">com.mysql.cj.jdbc.Driver</property>
        <property name="hibernate.connection.url">jdbc:mysql://den1.mysql5.gear.host:3306/javaeemysqldb</property>
        <property name="hibernate.connection.username">javaeemysqldb</property>
        <property name="hibernate.connection.password">Vz3ETX-6sR2?</property>
        <property name="hibernate.connection.pool_size">1</property>
        <property name="hibernate.current_session_context_class">thread</property>
        <property name="hibernate.show_sql">true</property>
        <property name="hibernate.dialect">org.hibernate.dialect.MySQL8Dialect</property>
		
		<property name="hbm2ddl.auto">update</property>

        <mapping resource="hbms/customer.hbm.xml" />
        <!-- <mapping resource="hbms/student3.hbm.xml" /> -->
    </session-factory>
</hibernate-configuration>